-- MySQL dump 10.13  Distrib 8.0.17, for Win64 (x86_64)
--
-- Host: localhost    Database: emos
-- ------------------------------------------------------
-- Server version	8.0.17

/*!40101 SET @OLD_CHARACTER_SET_CLIENT=@@CHARACTER_SET_CLIENT */;
/*!40101 SET @OLD_CHARACTER_SET_RESULTS=@@CHARACTER_SET_RESULTS */;
/*!40101 SET @OLD_COLLATION_CONNECTION=@@COLLATION_CONNECTION */;
/*!50503 SET NAMES utf8 */;
/*!40103 SET @OLD_TIME_ZONE=@@TIME_ZONE */;
/*!40103 SET TIME_ZONE='+00:00' */;
/*!40014 SET @OLD_UNIQUE_CHECKS=@@UNIQUE_CHECKS, UNIQUE_CHECKS=0 */;
/*!40014 SET @OLD_FOREIGN_KEY_CHECKS=@@FOREIGN_KEY_CHECKS, FOREIGN_KEY_CHECKS=0 */;
/*!40101 SET @OLD_SQL_MODE=@@SQL_MODE, SQL_MODE='NO_AUTO_VALUE_ON_ZERO' */;
/*!40111 SET @OLD_SQL_NOTES=@@SQL_NOTES, SQL_NOTES=0 */;

--
-- Table structure for table `qrtz_blob_triggers`
--

DROP TABLE IF EXISTS `qrtz_blob_triggers`;
/*!40101 SET @saved_cs_client     = @@character_set_client */;
/*!50503 SET character_set_client = utf8mb4 */;
CREATE TABLE `qrtz_blob_triggers` (
  `SCHED_NAME` varchar(120) CHARACTER SET utf8 COLLATE utf8_general_ci NOT NULL,
  `TRIGGER_NAME` varchar(200) CHARACTER SET utf8 COLLATE utf8_general_ci NOT NULL,
  `TRIGGER_GROUP` varchar(200) CHARACTER SET utf8 COLLATE utf8_general_ci NOT NULL,
  `BLOB_DATA` blob,
  PRIMARY KEY (`SCHED_NAME`,`TRIGGER_NAME`,`TRIGGER_GROUP`) USING BTREE,
  KEY `SCHED_NAME` (`SCHED_NAME`,`TRIGGER_NAME`,`TRIGGER_GROUP`) USING BTREE,
  CONSTRAINT `qrtz_blob_triggers_ibfk_1` FOREIGN KEY (`SCHED_NAME`, `TRIGGER_NAME`, `TRIGGER_GROUP`) REFERENCES `qrtz_triggers` (`SCHED_NAME`, `TRIGGER_NAME`, `TRIGGER_GROUP`) ON DELETE RESTRICT ON UPDATE RESTRICT
) ENGINE=InnoDB DEFAULT CHARSET=utf8 ROW_FORMAT=DYNAMIC;
/*!40101 SET character_set_client = @saved_cs_client */;

--
-- Dumping data for table `qrtz_blob_triggers`
--

LOCK TABLES `qrtz_blob_triggers` WRITE;
/*!40000 ALTER TABLE `qrtz_blob_triggers` DISABLE KEYS */;
/*!40000 ALTER TABLE `qrtz_blob_triggers` ENABLE KEYS */;
UNLOCK TABLES;

--
-- Table structure for table `qrtz_calendars`
--

DROP TABLE IF EXISTS `qrtz_calendars`;
/*!40101 SET @saved_cs_client     = @@character_set_client */;
/*!50503 SET character_set_client = utf8mb4 */;
CREATE TABLE `qrtz_calendars` (
  `SCHED_NAME` varchar(120) CHARACTER SET utf8 COLLATE utf8_general_ci NOT NULL,
  `CALENDAR_NAME` varchar(200) CHARACTER SET utf8 COLLATE utf8_general_ci NOT NULL,
  `CALENDAR` blob NOT NULL,
  PRIMARY KEY (`SCHED_NAME`,`CALENDAR_NAME`) USING BTREE
) ENGINE=InnoDB DEFAULT CHARSET=utf8 ROW_FORMAT=DYNAMIC;
/*!40101 SET character_set_client = @saved_cs_client */;

--
-- Dumping data for table `qrtz_calendars`
--

LOCK TABLES `qrtz_calendars` WRITE;
/*!40000 ALTER TABLE `qrtz_calendars` DISABLE KEYS */;
/*!40000 ALTER TABLE `qrtz_calendars` ENABLE KEYS */;
UNLOCK TABLES;

--
-- Table structure for table `qrtz_cron_triggers`
--

DROP TABLE IF EXISTS `qrtz_cron_triggers`;
/*!40101 SET @saved_cs_client     = @@character_set_client */;
/*!50503 SET character_set_client = utf8mb4 */;
CREATE TABLE `qrtz_cron_triggers` (
  `SCHED_NAME` varchar(120) CHARACTER SET utf8 COLLATE utf8_general_ci NOT NULL,
  `TRIGGER_NAME` varchar(200) CHARACTER SET utf8 COLLATE utf8_general_ci NOT NULL,
  `TRIGGER_GROUP` varchar(200) CHARACTER SET utf8 COLLATE utf8_general_ci NOT NULL,
  `CRON_EXPRESSION` varchar(120) CHARACTER SET utf8 COLLATE utf8_general_ci NOT NULL,
  `TIME_ZONE_ID` varchar(80) CHARACTER SET utf8 COLLATE utf8_general_ci DEFAULT NULL,
  PRIMARY KEY (`SCHED_NAME`,`TRIGGER_NAME`,`TRIGGER_GROUP`) USING BTREE,
  CONSTRAINT `qrtz_cron_triggers_ibfk_1` FOREIGN KEY (`SCHED_NAME`, `TRIGGER_NAME`, `TRIGGER_GROUP`) REFERENCES `qrtz_triggers` (`SCHED_NAME`, `TRIGGER_NAME`, `TRIGGER_GROUP`) ON DELETE RESTRICT ON UPDATE RESTRICT
) ENGINE=InnoDB DEFAULT CHARSET=utf8 ROW_FORMAT=DYNAMIC;
/*!40101 SET character_set_client = @saved_cs_client */;

--
-- Dumping data for table `qrtz_cron_triggers`
--

LOCK TABLES `qrtz_cron_triggers` WRITE;
/*!40000 ALTER TABLE `qrtz_cron_triggers` DISABLE KEYS */;
/*!40000 ALTER TABLE `qrtz_cron_triggers` ENABLE KEYS */;
UNLOCK TABLES;

--
-- Table structure for table `qrtz_fired_triggers`
--

DROP TABLE IF EXISTS `qrtz_fired_triggers`;
/*!40101 SET @saved_cs_client     = @@character_set_client */;
/*!50503 SET character_set_client = utf8mb4 */;
CREATE TABLE `qrtz_fired_triggers` (
  `SCHED_NAME` varchar(120) CHARACTER SET utf8 COLLATE utf8_general_ci NOT NULL,
  `ENTRY_ID` varchar(95) CHARACTER SET utf8 COLLATE utf8_general_ci NOT NULL,
  `TRIGGER_NAME` varchar(200) CHARACTER SET utf8 COLLATE utf8_general_ci NOT NULL,
  `TRIGGER_GROUP` varchar(200) CHARACTER SET utf8 COLLATE utf8_general_ci NOT NULL,
  `INSTANCE_NAME` varchar(200) CHARACTER SET utf8 COLLATE utf8_general_ci NOT NULL,
  `FIRED_TIME` bigint(13) NOT NULL,
  `SCHED_TIME` bigint(13) NOT NULL,
  `PRIORITY` int(11) NOT NULL,
  `STATE` varchar(16) CHARACTER SET utf8 COLLATE utf8_general_ci NOT NULL,
  `JOB_NAME` varchar(200) CHARACTER SET utf8 COLLATE utf8_general_ci DEFAULT NULL,
  `JOB_GROUP` varchar(200) CHARACTER SET utf8 COLLATE utf8_general_ci DEFAULT NULL,
  `IS_NONCONCURRENT` varchar(1) CHARACTER SET utf8 COLLATE utf8_general_ci DEFAULT NULL,
  `REQUESTS_RECOVERY` varchar(1) CHARACTER SET utf8 COLLATE utf8_general_ci DEFAULT NULL,
  PRIMARY KEY (`SCHED_NAME`,`ENTRY_ID`) USING BTREE,
  KEY `IDX_QRTZ_FT_TRIG_INST_NAME` (`SCHED_NAME`,`INSTANCE_NAME`) USING BTREE,
  KEY `IDX_QRTZ_FT_INST_JOB_REQ_RCVRY` (`SCHED_NAME`,`INSTANCE_NAME`,`REQUESTS_RECOVERY`) USING BTREE,
  KEY `IDX_QRTZ_FT_J_G` (`SCHED_NAME`,`JOB_NAME`,`JOB_GROUP`) USING BTREE,
  KEY `IDX_QRTZ_FT_JG` (`SCHED_NAME`,`JOB_GROUP`) USING BTREE,
  KEY `IDX_QRTZ_FT_T_G` (`SCHED_NAME`,`TRIGGER_NAME`,`TRIGGER_GROUP`) USING BTREE,
  KEY `IDX_QRTZ_FT_TG` (`SCHED_NAME`,`TRIGGER_GROUP`) USING BTREE
) ENGINE=InnoDB DEFAULT CHARSET=utf8 ROW_FORMAT=DYNAMIC;
/*!40101 SET character_set_client = @saved_cs_client */;

--
-- Dumping data for table `qrtz_fired_triggers`
--

LOCK TABLES `qrtz_fired_triggers` WRITE;
/*!40000 ALTER TABLE `qrtz_fired_triggers` DISABLE KEYS */;
/*!40000 ALTER TABLE `qrtz_fired_triggers` ENABLE KEYS */;
UNLOCK TABLES;

--
-- Table structure for table `qrtz_job_details`
--

DROP TABLE IF EXISTS `qrtz_job_details`;
/*!40101 SET @saved_cs_client     = @@character_set_client */;
/*!50503 SET character_set_client = utf8mb4 */;
CREATE TABLE `qrtz_job_details` (
  `SCHED_NAME` varchar(120) CHARACTER SET utf8 COLLATE utf8_general_ci NOT NULL,
  `JOB_NAME` varchar(200) CHARACTER SET utf8 COLLATE utf8_general_ci NOT NULL,
  `JOB_GROUP` varchar(200) CHARACTER SET utf8 COLLATE utf8_general_ci NOT NULL,
  `DESCRIPTION` varchar(250) CHARACTER SET utf8 COLLATE utf8_general_ci DEFAULT NULL,
  `JOB_CLASS_NAME` varchar(250) CHARACTER SET utf8 COLLATE utf8_general_ci NOT NULL,
  `IS_DURABLE` varchar(1) CHARACTER SET utf8 COLLATE utf8_general_ci NOT NULL,
  `IS_NONCONCURRENT` varchar(1) CHARACTER SET utf8 COLLATE utf8_general_ci NOT NULL,
  `IS_UPDATE_DATA` varchar(1) CHARACTER SET utf8 COLLATE utf8_general_ci NOT NULL,
  `REQUESTS_RECOVERY` varchar(1) CHARACTER SET utf8 COLLATE utf8_general_ci NOT NULL,
  `JOB_DATA` blob,
  PRIMARY KEY (`SCHED_NAME`,`JOB_NAME`,`JOB_GROUP`) USING BTREE,
  KEY `IDX_QRTZ_J_REQ_RECOVERY` (`SCHED_NAME`,`REQUESTS_RECOVERY`) USING BTREE,
  KEY `IDX_QRTZ_J_GRP` (`SCHED_NAME`,`JOB_GROUP`) USING BTREE
) ENGINE=InnoDB DEFAULT CHARSET=utf8 ROW_FORMAT=DYNAMIC;
/*!40101 SET character_set_client = @saved_cs_client */;

--
-- Dumping data for table `qrtz_job_details`
--

LOCK TABLES `qrtz_job_details` WRITE;
/*!40000 ALTER TABLE `qrtz_job_details` DISABLE KEYS */;
/*!40000 ALTER TABLE `qrtz_job_details` ENABLE KEYS */;
UNLOCK TABLES;

--
-- Table structure for table `qrtz_locks`
--

DROP TABLE IF EXISTS `qrtz_locks`;
/*!40101 SET @saved_cs_client     = @@character_set_client */;
/*!50503 SET character_set_client = utf8mb4 */;
CREATE TABLE `qrtz_locks` (
  `SCHED_NAME` varchar(120) CHARACTER SET utf8 COLLATE utf8_general_ci NOT NULL,
  `LOCK_NAME` varchar(40) CHARACTER SET utf8 COLLATE utf8_general_ci NOT NULL,
  PRIMARY KEY (`SCHED_NAME`,`LOCK_NAME`) USING BTREE
) ENGINE=InnoDB DEFAULT CHARSET=utf8 ROW_FORMAT=DYNAMIC;
/*!40101 SET character_set_client = @saved_cs_client */;

--
-- Dumping data for table `qrtz_locks`
--

LOCK TABLES `qrtz_locks` WRITE;
/*!40000 ALTER TABLE `qrtz_locks` DISABLE KEYS */;
INSERT INTO `qrtz_locks` VALUES ('quartzScheduler','TRIGGER_ACCESS');
/*!40000 ALTER TABLE `qrtz_locks` ENABLE KEYS */;
UNLOCK TABLES;

--
-- Table structure for table `qrtz_paused_trigger_grps`
--

DROP TABLE IF EXISTS `qrtz_paused_trigger_grps`;
/*!40101 SET @saved_cs_client     = @@character_set_client */;
/*!50503 SET character_set_client = utf8mb4 */;
CREATE TABLE `qrtz_paused_trigger_grps` (
  `SCHED_NAME` varchar(120) CHARACTER SET utf8 COLLATE utf8_general_ci NOT NULL,
  `TRIGGER_GROUP` varchar(200) CHARACTER SET utf8 COLLATE utf8_general_ci NOT NULL,
  PRIMARY KEY (`SCHED_NAME`,`TRIGGER_GROUP`) USING BTREE
) ENGINE=InnoDB DEFAULT CHARSET=utf8 ROW_FORMAT=DYNAMIC;
/*!40101 SET character_set_client = @saved_cs_client */;

--
-- Dumping data for table `qrtz_paused_trigger_grps`
--

LOCK TABLES `qrtz_paused_trigger_grps` WRITE;
/*!40000 ALTER TABLE `qrtz_paused_trigger_grps` DISABLE KEYS */;
/*!40000 ALTER TABLE `qrtz_paused_trigger_grps` ENABLE KEYS */;
UNLOCK TABLES;

--
-- Table structure for table `qrtz_scheduler_state`
--

DROP TABLE IF EXISTS `qrtz_scheduler_state`;
/*!40101 SET @saved_cs_client     = @@character_set_client */;
/*!50503 SET character_set_client = utf8mb4 */;
CREATE TABLE `qrtz_scheduler_state` (
  `SCHED_NAME` varchar(120) CHARACTER SET utf8 COLLATE utf8_general_ci NOT NULL,
  `INSTANCE_NAME` varchar(200) CHARACTER SET utf8 COLLATE utf8_general_ci NOT NULL,
  `LAST_CHECKIN_TIME` bigint(13) NOT NULL,
  `CHECKIN_INTERVAL` bigint(13) NOT NULL,
  PRIMARY KEY (`SCHED_NAME`,`INSTANCE_NAME`) USING BTREE
) ENGINE=InnoDB DEFAULT CHARSET=utf8 ROW_FORMAT=DYNAMIC;
/*!40101 SET character_set_client = @saved_cs_client */;

--
-- Dumping data for table `qrtz_scheduler_state`
--

LOCK TABLES `qrtz_scheduler_state` WRITE;
/*!40000 ALTER TABLE `qrtz_scheduler_state` DISABLE KEYS */;
/*!40000 ALTER TABLE `qrtz_scheduler_state` ENABLE KEYS */;
UNLOCK TABLES;

--
-- Table structure for table `qrtz_simple_triggers`
--

DROP TABLE IF EXISTS `qrtz_simple_triggers`;
/*!40101 SET @saved_cs_client     = @@character_set_client */;
/*!50503 SET character_set_client = utf8mb4 */;
CREATE TABLE `qrtz_simple_triggers` (
  `SCHED_NAME` varchar(120) CHARACTER SET utf8 COLLATE utf8_general_ci NOT NULL,
  `TRIGGER_NAME` varchar(200) CHARACTER SET utf8 COLLATE utf8_general_ci NOT NULL,
  `TRIGGER_GROUP` varchar(200) CHARACTER SET utf8 COLLATE utf8_general_ci NOT NULL,
  `REPEAT_COUNT` bigint(7) NOT NULL,
  `REPEAT_INTERVAL` bigint(12) NOT NULL,
  `TIMES_TRIGGERED` bigint(10) NOT NULL,
  PRIMARY KEY (`SCHED_NAME`,`TRIGGER_NAME`,`TRIGGER_GROUP`) USING BTREE,
  CONSTRAINT `qrtz_simple_triggers_ibfk_1` FOREIGN KEY (`SCHED_NAME`, `TRIGGER_NAME`, `TRIGGER_GROUP`) REFERENCES `qrtz_triggers` (`SCHED_NAME`, `TRIGGER_NAME`, `TRIGGER_GROUP`) ON DELETE RESTRICT ON UPDATE RESTRICT
) ENGINE=InnoDB DEFAULT CHARSET=utf8 ROW_FORMAT=DYNAMIC;
/*!40101 SET character_set_client = @saved_cs_client */;

--
-- Dumping data for table `qrtz_simple_triggers`
--

LOCK TABLES `qrtz_simple_triggers` WRITE;
/*!40000 ALTER TABLE `qrtz_simple_triggers` DISABLE KEYS */;
/*!40000 ALTER TABLE `qrtz_simple_triggers` ENABLE KEYS */;
UNLOCK TABLES;

--
-- Table structure for table `qrtz_simprop_triggers`
--

DROP TABLE IF EXISTS `qrtz_simprop_triggers`;
/*!40101 SET @saved_cs_client     = @@character_set_client */;
/*!50503 SET character_set_client = utf8mb4 */;
CREATE TABLE `qrtz_simprop_triggers` (
  `SCHED_NAME` varchar(120) CHARACTER SET utf8 COLLATE utf8_general_ci NOT NULL,
  `TRIGGER_NAME` varchar(200) CHARACTER SET utf8 COLLATE utf8_general_ci NOT NULL,
  `TRIGGER_GROUP` varchar(200) CHARACTER SET utf8 COLLATE utf8_general_ci NOT NULL,
  `STR_PROP_1` varchar(512) CHARACTER SET utf8 COLLATE utf8_general_ci DEFAULT NULL,
  `STR_PROP_2` varchar(512) CHARACTER SET utf8 COLLATE utf8_general_ci DEFAULT NULL,
  `STR_PROP_3` varchar(512) CHARACTER SET utf8 COLLATE utf8_general_ci DEFAULT NULL,
  `INT_PROP_1` int(11) DEFAULT NULL,
  `INT_PROP_2` int(11) DEFAULT NULL,
  `LONG_PROP_1` bigint(20) DEFAULT NULL,
  `LONG_PROP_2` bigint(20) DEFAULT NULL,
  `DEC_PROP_1` decimal(13,4) DEFAULT NULL,
  `DEC_PROP_2` decimal(13,4) DEFAULT NULL,
  `BOOL_PROP_1` varchar(1) CHARACTER SET utf8 COLLATE utf8_general_ci DEFAULT NULL,
  `BOOL_PROP_2` varchar(1) CHARACTER SET utf8 COLLATE utf8_general_ci DEFAULT NULL,
  PRIMARY KEY (`SCHED_NAME`,`TRIGGER_NAME`,`TRIGGER_GROUP`) USING BTREE,
  CONSTRAINT `qrtz_simprop_triggers_ibfk_1` FOREIGN KEY (`SCHED_NAME`, `TRIGGER_NAME`, `TRIGGER_GROUP`) REFERENCES `qrtz_triggers` (`SCHED_NAME`, `TRIGGER_NAME`, `TRIGGER_GROUP`) ON DELETE RESTRICT ON UPDATE RESTRICT
) ENGINE=InnoDB DEFAULT CHARSET=utf8 ROW_FORMAT=DYNAMIC;
/*!40101 SET character_set_client = @saved_cs_client */;

--
-- Dumping data for table `qrtz_simprop_triggers`
--

LOCK TABLES `qrtz_simprop_triggers` WRITE;
/*!40000 ALTER TABLE `qrtz_simprop_triggers` DISABLE KEYS */;
/*!40000 ALTER TABLE `qrtz_simprop_triggers` ENABLE KEYS */;
UNLOCK TABLES;

--
-- Table structure for table `qrtz_triggers`
--

DROP TABLE IF EXISTS `qrtz_triggers`;
/*!40101 SET @saved_cs_client     = @@character_set_client */;
/*!50503 SET character_set_client = utf8mb4 */;
CREATE TABLE `qrtz_triggers` (
  `SCHED_NAME` varchar(120) CHARACTER SET utf8 COLLATE utf8_general_ci NOT NULL,
  `TRIGGER_NAME` varchar(200) CHARACTER SET utf8 COLLATE utf8_general_ci NOT NULL,
  `TRIGGER_GROUP` varchar(200) CHARACTER SET utf8 COLLATE utf8_general_ci NOT NULL,
  `JOB_NAME` varchar(200) CHARACTER SET utf8 COLLATE utf8_general_ci NOT NULL,
  `JOB_GROUP` varchar(200) CHARACTER SET utf8 COLLATE utf8_general_ci NOT NULL,
  `DESCRIPTION` varchar(250) CHARACTER SET utf8 COLLATE utf8_general_ci DEFAULT NULL,
  `NEXT_FIRE_TIME` bigint(13) DEFAULT NULL,
  `PREV_FIRE_TIME` bigint(13) DEFAULT NULL,
  `PRIORITY` int(11) DEFAULT NULL,
  `TRIGGER_STATE` varchar(16) CHARACTER SET utf8 COLLATE utf8_general_ci NOT NULL,
  `TRIGGER_TYPE` varchar(8) CHARACTER SET utf8 COLLATE utf8_general_ci NOT NULL,
  `START_TIME` bigint(13) NOT NULL,
  `END_TIME` bigint(13) DEFAULT NULL,
  `CALENDAR_NAME` varchar(200) CHARACTER SET utf8 COLLATE utf8_general_ci DEFAULT NULL,
  `MISFIRE_INSTR` smallint(2) DEFAULT NULL,
  `JOB_DATA` blob,
  PRIMARY KEY (`SCHED_NAME`,`TRIGGER_NAME`,`TRIGGER_GROUP`) USING BTREE,
  KEY `IDX_QRTZ_T_J` (`SCHED_NAME`,`JOB_NAME`,`JOB_GROUP`) USING BTREE,
  KEY `IDX_QRTZ_T_JG` (`SCHED_NAME`,`JOB_GROUP`) USING BTREE,
  KEY `IDX_QRTZ_T_C` (`SCHED_NAME`,`CALENDAR_NAME`) USING BTREE,
  KEY `IDX_QRTZ_T_G` (`SCHED_NAME`,`TRIGGER_GROUP`) USING BTREE,
  KEY `IDX_QRTZ_T_STATE` (`SCHED_NAME`,`TRIGGER_STATE`) USING BTREE,
  KEY `IDX_QRTZ_T_N_STATE` (`SCHED_NAME`,`TRIGGER_NAME`,`TRIGGER_GROUP`,`TRIGGER_STATE`) USING BTREE,
  KEY `IDX_QRTZ_T_N_G_STATE` (`SCHED_NAME`,`TRIGGER_GROUP`,`TRIGGER_STATE`) USING BTREE,
  KEY `IDX_QRTZ_T_NEXT_FIRE_TIME` (`SCHED_NAME`,`NEXT_FIRE_TIME`) USING BTREE,
  KEY `IDX_QRTZ_T_NFT_ST` (`SCHED_NAME`,`TRIGGER_STATE`,`NEXT_FIRE_TIME`) USING BTREE,
  KEY `IDX_QRTZ_T_NFT_MISFIRE` (`SCHED_NAME`,`MISFIRE_INSTR`,`NEXT_FIRE_TIME`) USING BTREE,
  KEY `IDX_QRTZ_T_NFT_ST_MISFIRE` (`SCHED_NAME`,`MISFIRE_INSTR`,`NEXT_FIRE_TIME`,`TRIGGER_STATE`) USING BTREE,
  KEY `IDX_QRTZ_T_NFT_ST_MISFIRE_GRP` (`SCHED_NAME`,`MISFIRE_INSTR`,`NEXT_FIRE_TIME`,`TRIGGER_GROUP`,`TRIGGER_STATE`) USING BTREE,
  CONSTRAINT `qrtz_triggers_ibfk_1` FOREIGN KEY (`SCHED_NAME`, `JOB_NAME`, `JOB_GROUP`) REFERENCES `qrtz_job_details` (`SCHED_NAME`, `JOB_NAME`, `JOB_GROUP`) ON DELETE RESTRICT ON UPDATE RESTRICT
) ENGINE=InnoDB DEFAULT CHARSET=utf8 ROW_FORMAT=DYNAMIC;
/*!40101 SET character_set_client = @saved_cs_client */;

--
-- Dumping data for table `qrtz_triggers`
--

LOCK TABLES `qrtz_triggers` WRITE;
/*!40000 ALTER TABLE `qrtz_triggers` DISABLE KEYS */;
/*!40000 ALTER TABLE `qrtz_triggers` ENABLE KEYS */;
UNLOCK TABLES;

--
-- Table structure for table `sys_config`
--

DROP TABLE IF EXISTS `sys_config`;
/*!40101 SET @saved_cs_client     = @@character_set_client */;
/*!50503 SET character_set_client = utf8mb4 */;
CREATE TABLE `sys_config` (
  `id` int(10) unsigned NOT NULL AUTO_INCREMENT COMMENT '主键',
  `param_key` varchar(200) CHARACTER SET utf8 COLLATE utf8_general_ci NOT NULL COMMENT '参数名',
  `param_value` varchar(200) CHARACTER SET utf8 COLLATE utf8_general_ci DEFAULT NULL COMMENT '参数值',
  `status` tinyint(1) unsigned NOT NULL COMMENT '状态',
  `remark` varchar(200) CHARACTER SET utf8 COLLATE utf8_general_ci DEFAULT NULL COMMENT '备注',
  PRIMARY KEY (`id`) USING BTREE,
  UNIQUE KEY `unq_param_key` (`param_key`) USING BTREE,
  KEY `idx_status` (`status`) USING BTREE
) ENGINE=InnoDB AUTO_INCREMENT=7 DEFAULT CHARSET=utf8 ROW_FORMAT=DYNAMIC;
/*!40101 SET character_set_client = @saved_cs_client */;

--
-- Dumping data for table `sys_config`
--

LOCK TABLES `sys_config` WRITE;
/*!40000 ALTER TABLE `sys_config` DISABLE KEYS */;
INSERT INTO `sys_config` VALUES (1,'attendance_start_time','06:00',1,'上班考勤开始时间'),(2,'attendance_time','08:30',1,'上班时间'),(3,'attendance_end_time','09:30',1,'上班考勤截止时间'),(4,'closing_start_time','16:30',1,'下班考勤开始时间'),(5,'closing_time','17:30',1,'下班时间'),(6,'closing_end_time','23:59',1,'下班考勤截止时间');
/*!40000 ALTER TABLE `sys_config` ENABLE KEYS */;
UNLOCK TABLES;

--
-- Table structure for table `tb_action`
--

DROP TABLE IF EXISTS `tb_action`;
/*!40101 SET @saved_cs_client     = @@character_set_client */;
/*!50503 SET character_set_client = utf8mb4 */;
CREATE TABLE `tb_action` (
  `id` int(11) unsigned NOT NULL AUTO_INCREMENT COMMENT '主键',
  `action_code` varchar(200) CHARACTER SET utf8 COLLATE utf8_general_ci NOT NULL COMMENT '行为编号',
  `action_name` varchar(200) CHARACTER SET utf8 COLLATE utf8_general_ci NOT NULL COMMENT '行为名称',
  PRIMARY KEY (`id`) USING BTREE,
  UNIQUE KEY `unq_action_name` (`action_name`) USING BTREE
) ENGINE=InnoDB AUTO_INCREMENT=8 DEFAULT CHARSET=utf8 ROW_FORMAT=DYNAMIC COMMENT='行为表';
/*!40101 SET character_set_client = @saved_cs_client */;

--
-- Dumping data for table `tb_action`
--

LOCK TABLES `tb_action` WRITE;
/*!40000 ALTER TABLE `tb_action` DISABLE KEYS */;
INSERT INTO `tb_action` VALUES (1,'INSERT','添加'),(2,'DELETE','删除'),(3,'UPDATE','修改'),(4,'SELECT','查询'),(5,'APPROVAL','审批'),(6,'EXPORT','导出'),(7,'BACKUP','备份');
/*!40000 ALTER TABLE `tb_action` ENABLE KEYS */;
UNLOCK TABLES;

--
-- Table structure for table `tb_checkin`
--

DROP TABLE IF EXISTS `tb_checkin`;
/*!40101 SET @saved_cs_client     = @@character_set_client */;
/*!50503 SET character_set_client = utf8mb4 */;
CREATE TABLE `tb_checkin` (
  `id` int(10) unsigned NOT NULL AUTO_INCREMENT COMMENT '主键',
  `user_id` int(10) unsigned NOT NULL COMMENT '用户ID',
  `address` varchar(255) CHARACTER SET utf8 COLLATE utf8_general_ci DEFAULT NULL COMMENT '签到地址',
  `country` varchar(255) CHARACTER SET utf8 COLLATE utf8_general_ci DEFAULT NULL COMMENT '国家',
  `province` varchar(255) CHARACTER SET utf8 COLLATE utf8_general_ci DEFAULT NULL COMMENT '省份',
  `city` varchar(255) CHARACTER SET utf8 COLLATE utf8_general_ci DEFAULT NULL COMMENT '城市',
  `district` varchar(255) CHARACTER SET utf8 COLLATE utf8_general_ci DEFAULT NULL COMMENT '区划',
  `status` tinyint(3) unsigned NOT NULL COMMENT '考勤结果',
  `risk` int(255) unsigned DEFAULT '0' COMMENT '风险等级',
  `date` date NOT NULL COMMENT '签到日期',
  `create_time` datetime NOT NULL COMMENT '签到时间',
  PRIMARY KEY (`id`) USING BTREE,
  UNIQUE KEY `unq_user_id` (`user_id`,`date`) USING BTREE,
  KEY `idx_date` (`date`) USING BTREE,
  KEY `idx_status` (`status`) USING BTREE
) ENGINE=InnoDB AUTO_INCREMENT=33 DEFAULT CHARSET=utf8 ROW_FORMAT=DYNAMIC COMMENT='签到表';
/*!40101 SET character_set_client = @saved_cs_client */;

--
-- Dumping data for table `tb_checkin`
--

LOCK TABLES `tb_checkin` WRITE;
/*!40000 ALTER TABLE `tb_checkin` DISABLE KEYS */;
/*!40000 ALTER TABLE `tb_checkin` ENABLE KEYS */;
UNLOCK TABLES;

--
-- Table structure for table `tb_course`
--

DROP TABLE IF EXISTS `tb_course`;
/*!40101 SET @saved_cs_client     = @@character_set_client */;
/*!50503 SET character_set_client = utf8mb4 */;
CREATE TABLE `tb_course` (
  `course_id` int(10) unsigned NOT NULL,
  `course_name` varchar(45) DEFAULT NULL,
  `fixed_jno` int(20) unsigned DEFAULT NULL,
  PRIMARY KEY (`course_id`),
  KEY `fixedjnolink_idx` (`fixed_jno`),
  CONSTRAINT `fixedjnolink` FOREIGN KEY (`fixed_jno`) REFERENCES `tb_teacher` (`jno`)
) ENGINE=InnoDB DEFAULT CHARSET=utf8;
/*!40101 SET character_set_client = @saved_cs_client */;

--
-- Dumping data for table `tb_course`
--

LOCK TABLES `tb_course` WRITE;
/*!40000 ALTER TABLE `tb_course` DISABLE KEYS */;
/*!40000 ALTER TABLE `tb_course` ENABLE KEYS */;
UNLOCK TABLES;

--
-- Table structure for table `tb_dept`
--

DROP TABLE IF EXISTS `tb_dept`;
/*!40101 SET @saved_cs_client     = @@character_set_client */;
/*!50503 SET character_set_client = utf8mb4 */;
CREATE TABLE `tb_dept` (
  `id` int(10) unsigned NOT NULL AUTO_INCREMENT,
  `dept_name` varchar(45) DEFAULT NULL,
  PRIMARY KEY (`id`),
  CONSTRAINT `deptlink` FOREIGN KEY (`id`) REFERENCES `tb_user` (`dept_id`) ON DELETE CASCADE ON UPDATE CASCADE
) ENGINE=InnoDB DEFAULT CHARSET=utf8;
/*!40101 SET character_set_client = @saved_cs_client */;

--
-- Dumping data for table `tb_dept`
--

LOCK TABLES `tb_dept` WRITE;
/*!40000 ALTER TABLE `tb_dept` DISABLE KEYS */;
/*!40000 ALTER TABLE `tb_dept` ENABLE KEYS */;
UNLOCK TABLES;

--
-- Table structure for table `tb_empower`
--

DROP TABLE IF EXISTS `tb_empower`;
/*!40101 SET @saved_cs_client     = @@character_set_client */;
/*!50503 SET character_set_client = utf8mb4 */;
CREATE TABLE `tb_empower` (
  `user_id` int(10) unsigned NOT NULL AUTO_INCREMENT,
  `open_id` varchar(200) DEFAULT NULL,
  PRIMARY KEY (`user_id`),
  UNIQUE KEY `user_id_UNIQUE` (`user_id`),
  UNIQUE KEY `open_id_UNIQUE` (`open_id`)
) ENGINE=InnoDB DEFAULT CHARSET=utf8;
/*!40101 SET character_set_client = @saved_cs_client */;

--
-- Dumping data for table `tb_empower`
--

LOCK TABLES `tb_empower` WRITE;
/*!40000 ALTER TABLE `tb_empower` DISABLE KEYS */;
/*!40000 ALTER TABLE `tb_empower` ENABLE KEYS */;
UNLOCK TABLES;

--
-- Table structure for table `tb_face_model`
--

DROP TABLE IF EXISTS `tb_face_model`;
/*!40101 SET @saved_cs_client     = @@character_set_client */;
/*!50503 SET character_set_client = utf8mb4 */;
CREATE TABLE `tb_face_model` (
  `id` int(10) unsigned NOT NULL AUTO_INCREMENT COMMENT '主键值',
  `user_id` int(10) unsigned NOT NULL COMMENT '用户ID',
  `face_model` text CHARACTER SET utf8 COLLATE utf8_general_ci NOT NULL COMMENT '用户人脸模型',
  PRIMARY KEY (`id`) USING BTREE,
  UNIQUE KEY `unq_user_id` (`user_id`) USING BTREE
) ENGINE=InnoDB AUTO_INCREMENT=3 DEFAULT CHARSET=utf8 ROW_FORMAT=DYNAMIC;
/*!40101 SET character_set_client = @saved_cs_client */;

--
-- Dumping data for table `tb_face_model`
--

LOCK TABLES `tb_face_model` WRITE;
/*!40000 ALTER TABLE `tb_face_model` DISABLE KEYS */;
/*!40000 ALTER TABLE `tb_face_model` ENABLE KEYS */;
UNLOCK TABLES;

--
-- Table structure for table `tb_jno`
--

DROP TABLE IF EXISTS `tb_jno`;
/*!40101 SET @saved_cs_client     = @@character_set_client */;
/*!50503 SET character_set_client = utf8mb4 */;
CREATE TABLE `tb_jno` (
  `jno_id` int(10) unsigned NOT NULL,
  `jno` int(20) unsigned NOT NULL,
  PRIMARY KEY (`jno_id`),
  UNIQUE KEY `jno_UNIQUE` (`jno`),
  KEY `jnoidlink_idx` (`jno_id`),
  CONSTRAINT `jnoidlink` FOREIGN KEY (`jno_id`) REFERENCES `tb_empower` (`user_id`)
) ENGINE=InnoDB DEFAULT CHARSET=utf8;
/*!40101 SET character_set_client = @saved_cs_client */;

--
-- Dumping data for table `tb_jno`
--

LOCK TABLES `tb_jno` WRITE;
/*!40000 ALTER TABLE `tb_jno` DISABLE KEYS */;
/*!40000 ALTER TABLE `tb_jno` ENABLE KEYS */;
UNLOCK TABLES;

--
-- Table structure for table `tb_meeting`
--

DROP TABLE IF EXISTS `tb_meeting`;
/*!40101 SET @saved_cs_client     = @@character_set_client */;
/*!50503 SET character_set_client = utf8mb4 */;
CREATE TABLE `tb_meeting` (
  `id` bigint(20) unsigned NOT NULL AUTO_INCREMENT COMMENT '主键',
  `uuid` varchar(200) CHARACTER SET utf8 COLLATE utf8_general_ci DEFAULT NULL COMMENT 'UUID',
  `title` varchar(200) CHARACTER SET utf8 COLLATE utf8_general_ci NOT NULL COMMENT '会议题目',
  `creator_id` bigint(200) NOT NULL COMMENT '创建人ID',
  `date` date NOT NULL COMMENT '日期',
  `place` varchar(200) CHARACTER SET utf8 COLLATE utf8_general_ci DEFAULT NULL COMMENT '开会地点',
  `start` time NOT NULL COMMENT '开始时间',
  `end` time NOT NULL COMMENT '结束时间',
  `type` smallint(6) NOT NULL COMMENT '会议类型（1在线会议，2线下会议）',
  `members` json NOT NULL COMMENT '参与者',
  `desc` varchar(200) CHARACTER SET utf8 COLLATE utf8_general_ci NOT NULL COMMENT '会议内容',
  `instance_id` varchar(200) CHARACTER SET utf8 COLLATE utf8_general_ci DEFAULT NULL COMMENT '工作流实例ID',
  `status` smallint(6) NOT NULL COMMENT '状态（1未开始，2进行中，3已结束）',
  `create_time` datetime NOT NULL ON UPDATE CURRENT_TIMESTAMP COMMENT '创建时间',
  PRIMARY KEY (`id`) USING BTREE,
  KEY `idx_creator_id` (`creator_id`) USING BTREE,
  KEY `idx_date` (`date`) USING BTREE,
  KEY `idx_type` (`type`) USING BTREE,
  KEY `idx_status` (`status`) USING BTREE
) ENGINE=InnoDB AUTO_INCREMENT=48 DEFAULT CHARSET=utf8 ROW_FORMAT=DYNAMIC COMMENT='会议表';
/*!40101 SET character_set_client = @saved_cs_client */;

--
-- Dumping data for table `tb_meeting`
--

LOCK TABLES `tb_meeting` WRITE;
/*!40000 ALTER TABLE `tb_meeting` DISABLE KEYS */;
/*!40000 ALTER TABLE `tb_meeting` ENABLE KEYS */;
UNLOCK TABLES;

--
-- Table structure for table `tb_module`
--

DROP TABLE IF EXISTS `tb_module`;
/*!40101 SET @saved_cs_client     = @@character_set_client */;
/*!50503 SET character_set_client = utf8mb4 */;
CREATE TABLE `tb_module` (
  `id` int(10) unsigned NOT NULL AUTO_INCREMENT COMMENT '主键',
  `module_code` varchar(200) CHARACTER SET utf8 COLLATE utf8_general_ci NOT NULL COMMENT '模块编号',
  `module_name` varchar(200) CHARACTER SET utf8 COLLATE utf8_general_ci NOT NULL COMMENT '模块名称',
  PRIMARY KEY (`id`) USING BTREE,
  UNIQUE KEY `unq_module_id` (`module_code`) USING BTREE
) ENGINE=InnoDB AUTO_INCREMENT=6 DEFAULT CHARSET=utf8 ROW_FORMAT=DYNAMIC COMMENT='模块资源表';
/*!40101 SET character_set_client = @saved_cs_client */;

--
-- Dumping data for table `tb_module`
--

LOCK TABLES `tb_module` WRITE;
/*!40000 ALTER TABLE `tb_module` DISABLE KEYS */;
INSERT INTO `tb_module` VALUES (1,'USER','用户管理'),(2,'EMPLOYEE','员工管理'),(3,'DEPT','部门管理'),(4,'MEETING','会议管理'),(5,'WORKFLOW','工作流管理');
/*!40000 ALTER TABLE `tb_module` ENABLE KEYS */;
UNLOCK TABLES;

--
-- Table structure for table `tb_permission`
--

DROP TABLE IF EXISTS `tb_permission`;
/*!40101 SET @saved_cs_client     = @@character_set_client */;
/*!50503 SET character_set_client = utf8mb4 */;
CREATE TABLE `tb_permission` (
  `id` int(10) unsigned NOT NULL AUTO_INCREMENT COMMENT '主键',
  `permission_name` varchar(200) CHARACTER SET utf8 COLLATE utf8_general_ci NOT NULL COMMENT '权限',
  `module_id` int(10) unsigned NOT NULL COMMENT '模块ID',
  `action_id` int(10) unsigned NOT NULL COMMENT '行为ID',
  PRIMARY KEY (`id`) USING BTREE,
  UNIQUE KEY `unq_permission` (`permission_name`) USING BTREE,
  UNIQUE KEY `unq_complex` (`module_id`,`action_id`) USING BTREE
) ENGINE=InnoDB AUTO_INCREMENT=19 DEFAULT CHARSET=utf8 ROW_FORMAT=DYNAMIC;
/*!40101 SET character_set_client = @saved_cs_client */;

--
-- Dumping data for table `tb_permission`
--

LOCK TABLES `tb_permission` WRITE;
/*!40000 ALTER TABLE `tb_permission` DISABLE KEYS */;
INSERT INTO `tb_permission` VALUES (0,'ROOT',0,0),(1,'USER:INSERT',1,1),(2,'USER:DELETE',1,2),(3,'USER:UPDATE',1,3),(4,'USER:SELECT',1,4),(5,'EMPLOYEE:INSERT',2,1),(6,'EMPLOYEE:DELETE',2,2),(7,'EMPLOYEE:UPDATE',2,3),(8,'EMPLOYEE:SELECT',2,4),(9,'DEPT:INSERT',3,1),(10,'DEPT:DELETE',3,2),(11,'DEPT:UPDATE',3,3),(12,'DEPT:SELECT',3,4),(13,'MEETING:INSERT',4,1),(14,'MEETING:DELETE',4,2),(15,'MEETING:UPDATE',4,3),(16,'MEETING:SELECT',4,4),(17,'WORKFLOW:APPROVAL',5,5);
/*!40000 ALTER TABLE `tb_permission` ENABLE KEYS */;
UNLOCK TABLES;

--
-- Table structure for table `tb_role`
--

DROP TABLE IF EXISTS `tb_role`;
/*!40101 SET @saved_cs_client     = @@character_set_client */;
/*!50503 SET character_set_client = utf8mb4 */;
CREATE TABLE `tb_role` (
  `id` int(10) unsigned NOT NULL AUTO_INCREMENT COMMENT '主键',
  `role_name` varchar(200) CHARACTER SET utf8 COLLATE utf8_general_ci NOT NULL COMMENT '角色名称',
  `permissions` json NOT NULL COMMENT '权限集合',
  PRIMARY KEY (`id`) USING BTREE,
  UNIQUE KEY `unq_role_name` (`role_name`) USING BTREE
) ENGINE=InnoDB AUTO_INCREMENT=5 DEFAULT CHARSET=utf8 ROW_FORMAT=DYNAMIC COMMENT='角色表';
/*!40101 SET character_set_client = @saved_cs_client */;

--
-- Dumping data for table `tb_role`
--

LOCK TABLES `tb_role` WRITE;
/*!40000 ALTER TABLE `tb_role` DISABLE KEYS */;
INSERT INTO `tb_role` VALUES (0,'超级管理员','[0]'),(1,'管理员','[1, 2, 3, 4, 5, 6, 7, 8, 9, 10, 11, 12, 13, 14, 15, 16, 17]'),(2,'教师','[1, 2, 3, 4, 5, 6, 7, 8, 9, 10, 11]'),(3,'学生','[1, 2, 3, 4, 5, 6, 7, 8]');
/*!40000 ALTER TABLE `tb_role` ENABLE KEYS */;
UNLOCK TABLES;

--
-- Table structure for table `tb_room`
--

DROP TABLE IF EXISTS `tb_room`;
/*!40101 SET @saved_cs_client     = @@character_set_client */;
/*!50503 SET character_set_client = utf8mb4 */;
CREATE TABLE `tb_room` (
  `id` int(10) unsigned NOT NULL,
  `room_name` varchar(45) DEFAULT NULL,
  PRIMARY KEY (`id`)
) ENGINE=InnoDB DEFAULT CHARSET=utf8;
/*!40101 SET character_set_client = @saved_cs_client */;

--
-- Dumping data for table `tb_room`
--

LOCK TABLES `tb_room` WRITE;
/*!40000 ALTER TABLE `tb_room` DISABLE KEYS */;
/*!40000 ALTER TABLE `tb_room` ENABLE KEYS */;
UNLOCK TABLES;

--
-- Table structure for table `tb_select`
--

DROP TABLE IF EXISTS `tb_select`;
/*!40101 SET @saved_cs_client     = @@character_set_client */;
/*!50503 SET character_set_client = utf8mb4 */;
CREATE TABLE `tb_select` (
  `id` int(10) unsigned NOT NULL AUTO_INCREMENT,
  `course_id` int(10) unsigned DEFAULT NULL,
  `student_sno` int(20) unsigned DEFAULT NULL,
  PRIMARY KEY (`id`),
  KEY `snolink_idx` (`student_sno`),
  KEY `selectcidlink_idx` (`course_id`),
  CONSTRAINT `selectcidlink` FOREIGN KEY (`course_id`) REFERENCES `tb_course` (`course_id`),
  CONSTRAINT `selectsnolink` FOREIGN KEY (`student_sno`) REFERENCES `tb_student` (`sno`)
) ENGINE=InnoDB DEFAULT CHARSET=utf8;
/*!40101 SET character_set_client = @saved_cs_client */;

--
-- Dumping data for table `tb_select`
--

LOCK TABLES `tb_select` WRITE;
/*!40000 ALTER TABLE `tb_select` DISABLE KEYS */;
/*!40000 ALTER TABLE `tb_select` ENABLE KEYS */;
UNLOCK TABLES;

--
-- Table structure for table `tb_setup`
--

DROP TABLE IF EXISTS `tb_setup`;
/*!40101 SET @saved_cs_client     = @@character_set_client */;
/*!50503 SET character_set_client = utf8mb4 */;
CREATE TABLE `tb_setup` (
  `id` int(10) unsigned NOT NULL AUTO_INCREMENT,
  `course_id` int(10) unsigned DEFAULT NULL,
  `room_id` int(10) unsigned DEFAULT NULL,
  PRIMARY KEY (`id`),
  KEY `cidlink_idx` (`course_id`),
  KEY `ridlink` (`room_id`),
  CONSTRAINT `cidlink` FOREIGN KEY (`course_id`) REFERENCES `tb_course` (`course_id`),
  CONSTRAINT `ridlink` FOREIGN KEY (`room_id`) REFERENCES `tb_room` (`id`)
) ENGINE=InnoDB DEFAULT CHARSET=utf8;
/*!40101 SET character_set_client = @saved_cs_client */;

--
-- Dumping data for table `tb_setup`
--

LOCK TABLES `tb_setup` WRITE;
/*!40000 ALTER TABLE `tb_setup` DISABLE KEYS */;
/*!40000 ALTER TABLE `tb_setup` ENABLE KEYS */;
UNLOCK TABLES;

--
-- Table structure for table `tb_sno`
--

DROP TABLE IF EXISTS `tb_sno`;
/*!40101 SET @saved_cs_client     = @@character_set_client */;
/*!50503 SET character_set_client = utf8mb4 */;
CREATE TABLE `tb_sno` (
  `sno_id` int(10) unsigned NOT NULL,
  `sno` int(20) unsigned NOT NULL,
  PRIMARY KEY (`sno_id`),
  UNIQUE KEY `sno_UNIQUE` (`sno`),
  CONSTRAINT `stuidlink` FOREIGN KEY (`sno_id`) REFERENCES `tb_empower` (`user_id`)
) ENGINE=InnoDB DEFAULT CHARSET=utf8;
/*!40101 SET character_set_client = @saved_cs_client */;

--
-- Dumping data for table `tb_sno`
--

LOCK TABLES `tb_sno` WRITE;
/*!40000 ALTER TABLE `tb_sno` DISABLE KEYS */;
/*!40000 ALTER TABLE `tb_sno` ENABLE KEYS */;
UNLOCK TABLES;

--
-- Table structure for table `tb_student`
--

DROP TABLE IF EXISTS `tb_student`;
/*!40101 SET @saved_cs_client     = @@character_set_client */;
/*!50503 SET character_set_client = utf8mb4 */;
CREATE TABLE `tb_student` (
  `sno` int(20) unsigned NOT NULL,
  `prof` varchar(45) DEFAULT NULL,
  `class` varchar(45) DEFAULT NULL,
  `type` varchar(45) DEFAULT NULL,
  PRIMARY KEY (`sno`),
  CONSTRAINT `snolink` FOREIGN KEY (`sno`) REFERENCES `tb_sno` (`sno`)
) ENGINE=InnoDB DEFAULT CHARSET=utf8;
/*!40101 SET character_set_client = @saved_cs_client */;

--
-- Dumping data for table `tb_student`
--

LOCK TABLES `tb_student` WRITE;
/*!40000 ALTER TABLE `tb_student` DISABLE KEYS */;
/*!40000 ALTER TABLE `tb_student` ENABLE KEYS */;
UNLOCK TABLES;

--
-- Table structure for table `tb_teacher`
--

DROP TABLE IF EXISTS `tb_teacher`;
/*!40101 SET @saved_cs_client     = @@character_set_client */;
/*!50503 SET character_set_client = utf8mb4 */;
CREATE TABLE `tb_teacher` (
  `jno` int(20) unsigned NOT NULL,
  `title` varchar(45) DEFAULT NULL,
  PRIMARY KEY (`jno`),
  CONSTRAINT `jnolink` FOREIGN KEY (`jno`) REFERENCES `tb_jno` (`jno`)
) ENGINE=InnoDB DEFAULT CHARSET=utf8;
/*!40101 SET character_set_client = @saved_cs_client */;

--
-- Dumping data for table `tb_teacher`
--

LOCK TABLES `tb_teacher` WRITE;
/*!40000 ALTER TABLE `tb_teacher` DISABLE KEYS */;
/*!40000 ALTER TABLE `tb_teacher` ENABLE KEYS */;
UNLOCK TABLES;

--
-- Table structure for table `tb_user`
--

DROP TABLE IF EXISTS `tb_user`;
/*!40101 SET @saved_cs_client     = @@character_set_client */;
/*!50503 SET character_set_client = utf8mb4 */;
CREATE TABLE `tb_user` (
  `id` int(10) unsigned NOT NULL COMMENT '主键',
  `nickname` varchar(200) CHARACTER SET utf8 COLLATE utf8_general_ci DEFAULT NULL COMMENT '昵称',
  `photo` varchar(200) CHARACTER SET utf8 COLLATE utf8_general_ci DEFAULT NULL COMMENT '头像网址',
  `name` varchar(20) CHARACTER SET utf8 COLLATE utf8_general_ci DEFAULT NULL COMMENT '姓名',
  `sex` enum('男','女') CHARACTER SET utf8 COLLATE utf8_general_ci DEFAULT NULL COMMENT '性别',
  `tel` char(11) CHARACTER SET utf8 COLLATE utf8_general_ci DEFAULT NULL COMMENT '手机号码',
  `email` varchar(200) CHARACTER SET utf8 COLLATE utf8_general_ci DEFAULT NULL COMMENT '邮箱',
  `hiredate` date DEFAULT NULL COMMENT '入职日期',
  `role` json NOT NULL COMMENT '角色',
  `root` tinyint(1) NOT NULL COMMENT '是否是超级管理员',
  `dept_id` int(10) unsigned DEFAULT NULL COMMENT '部门编号',
  `status` tinyint(4) NOT NULL COMMENT '状态',
  `create_time` datetime NOT NULL ON UPDATE CURRENT_TIMESTAMP COMMENT '创建时间',
  PRIMARY KEY (`id`) USING BTREE,
  KEY `unq_email` (`email`) USING BTREE,
  KEY `idx_dept_id` (`dept_id`) USING BTREE,
  KEY `idx_status` (`status`) USING BTREE,
  CONSTRAINT `deptidlink` FOREIGN KEY (`dept_id`) REFERENCES `tb_dept` (`id`),
  CONSTRAINT `useridlink` FOREIGN KEY (`id`) REFERENCES `tb_empower` (`user_id`)
) ENGINE=InnoDB DEFAULT CHARSET=utf8 ROW_FORMAT=DYNAMIC COMMENT='用户表';
/*!40101 SET character_set_client = @saved_cs_client */;

--
-- Dumping data for table `tb_user`
--

LOCK TABLES `tb_user` WRITE;
/*!40000 ALTER TABLE `tb_user` DISABLE KEYS */;
/*!40000 ALTER TABLE `tb_user` ENABLE KEYS */;
UNLOCK TABLES;

--
-- Dumping events for database 'emos'
--

--
-- Dumping routines for database 'emos'
--
/*!40103 SET TIME_ZONE=@OLD_TIME_ZONE */;

/*!40101 SET SQL_MODE=@OLD_SQL_MODE */;
/*!40014 SET FOREIGN_KEY_CHECKS=@OLD_FOREIGN_KEY_CHECKS */;
/*!40014 SET UNIQUE_CHECKS=@OLD_UNIQUE_CHECKS */;
/*!40101 SET CHARACTER_SET_CLIENT=@OLD_CHARACTER_SET_CLIENT */;
/*!40101 SET CHARACTER_SET_RESULTS=@OLD_CHARACTER_SET_RESULTS */;
/*!40101 SET COLLATION_CONNECTION=@OLD_COLLATION_CONNECTION */;
/*!40111 SET SQL_NOTES=@OLD_SQL_NOTES */;

-- Dump completed on 2021-02-12  0:05:40
